name,id
강남리더스피부과의원,12927872
삼성서울병원,11554044
유라인의원,37695352
강남세브란스병원,11686889
디의원,1404886223
아몬드성형외과의원,1721626310
강남타토아의원,1089375154
보스피부과의원,1464911654
제이준성형외과의원,36294945
포인트업의원,1433977135
예쁨주의쁨의원 신논현역,563223381
유진스의원,1594487551
더블유성형외과의원,13503610
밀리의원 도산,1635689178
연세라미슈의원,20406620
유진성형외과의원,13449351
자기치아살리기삼성플란트치과의원,187283708
사랑이아프니구강악안면외과치과의원 강남점,33176566
메이드유의원 강남본점,37206778
플레저성형외과의원,1175277287
연세굿데이치과의원 수서점,32602478
서울뉴젠비뇨기과의원,37774552
강남구보건소,33576274
라연한의원,638779390
CHA의과학대학교 강남차병원 강남여성병원,1883246762
하나이비인후과병원,11626067
메이린의원 압구정,13482010
이와이의원,1755632433
굿본재활의학과의원 선릉역,1189763174
나나성형외과의원,1518147116
장민욱뇌비게이션신경과의원,1032385653
눈에미소안과의원,11531079
플란치과의원 서울점,1430402581
VS라인의원 강남점,1768700234
유봄성형외과의원,12815633
땡큐서울의원,38666852
신사에그의원,1103320291
비유성형외과의원,1869202698
밝은성모안과의원,12902083
더힐피부과의원,1721530795
아이디병원,11548359
예쁨주의쁨의원 강남,1282797464
서울밝은세상안과의원,11524347
지우의원,1570932990
에스앤유안과의원,1041399783
선릉다나아이비인후과의원,34837440
뷰티라운지의원,1378843858
레아산부인과의원,1208943867
차병원차움검진센터 삼성분원,12330051
지에스안과의원,13334112
압구정비앤미의원,12173051
유앤아이의원 강남점,1380019560
삼성서울병원 암병원,13126557
뉴엘의원,403694064
치유성형외과의원,1292120766
서울본브릿지병원,1831645504
소리이비인후과의원,11526512
하나로의료재단 강남센터,20289960
815의원,1675214647
그리다성형외과의원,62024540
압구정사랑이아프니구강악안면외과치과의원,1486518236
고범연엑스오치과교정과치과의원,11862275
나누리병원 강남 본관,11535960
피에이치디피부과의원,37000951
CHA의과학대학교 강남차병원,11785096
서울박내과의원 종합검진센터,11857175
리앤채움의원,34721472
뮤즈의원 강남점,32435710
루아크성형외과의원,1387134739
아이루미성형외과의원,37620148
윤호병원,19512691
몬스터의원,1273267686
미래와희망산부인과의원 난임클리닉,12940402
루나의원,1775237191
코모키이비인후과의원 삼성본원,10968567
김형진베이직성형외과의원,31663534
VS라인의원 압구정점,1958726989
미래이비인후과의원,11591080
상상의원 신사본점,11823548
디엠성형외과의원,19737507
강남메이퓨어의원,36351454
닥터손유나의원,37470964
디에이성형외과의원,33084820
사랑니를부탁해구강악안면외과치과의원,1704153247
바이준성형외과의원,37768750
스킨다피부과의원 청담점,1477499907
닥터스피부과의원 신사,1063435410
차움의원,36898052
삼성드림이비인후과의원 삼성점,13398465
365코이이비인후과의원,1394113053
더블유의원,1026990801
엘투치과의원,1188464115
메이퓨어의원 수서점,807124012
다나아의원,1236865837
신사우리베스트내과의원,1749239258
문의원,750383427
강남베드로병원 신관,11865281
연세우노비뇨기과의원,11819560
서울내과의원,13113290
서울배내과의원,31526090
V&MJ피부과의원,1485384292
강남라렌의원,1752902306
강남메이저의원,12897080
다이트한의원 서울,1689031723
청담오라클피부과의원,35180720
청담마리산부인과의원,11531536
삼성톡스앤필의원,32699926
라이브치과병원 서울강남,19886216
루미에의원,13114570
압구정미라클의원,12084915
강남삼성드림이비인후과의원,19998092
제스타성형외과의원,311004910
삼성얀의원,20322102
수서서울이비인후과의원,1369262208
바노바기피부과의원 본점,1896802380
아비쥬의원 청담,37933238
서울에이치피부과의원,1163905308
호산여성병원,13001486
뉴헤어모발성형외과의원,1375927835
로앤산부인과의원 강남,13101665
누네안과병원,13442483
올리팅성형외과의원,1689938524
민앤민의원 강남점,1307870014
리츠피부과의원,21818160
서울리샤인의원,1047495092
포에버성형외과의원 강남,37206779
강남베스트내과의원,33238807
광혜병원,12872894
연세맑은이비인후과의원,33445044
맥스웰피부과의원,12905297
어반성형외과의원,1037706710
더블유항외과의원 강남점,11710973
나를의원,1658477253
연세퍼스트이비인후과의원,1000099402
아미율한의원,13487180
엠레드 의원,1396190211
오상신경외과의원,1092496886
제일이비인후과의원,1550045096
강남을지대학교병원,19520762
퍼펙트치과의원,38893823
리봄한방병원 강남점,35103356
자생한방병원,19516906
코나이비인후과의원,36010532
티파니여성비뇨의학과의원,1461944094
레이디한의원,1174396907
강남샘치과의원,11485504
청담성모이비인후과의원,1845770301
더신사의원,1565462372
함익병피부과의원,19873143
더도어성형외과의원,1051463417
청담리투의원,1794122167
제일정형외과병원,11572484
제이티성형외과의원,1614855063
더뉴치과의원,1163484303
연세맑은이비인후과송소아청소년과의원,37534468
에스여성의원,12889176
컴포트성형외과의원,1369213647
제이비미소이비인후과의원,11698483
마디본의원 선릉역본원,1228026079
케이에스병원,11543470
유앤아이의원 선릉점,11824279
더셀피부과의원 강남본점,761409615
강남코모키이비인후과의원,20127653
아이비성형외과의원,38473581
더연세안과의원,19521242
도곡함춘산부인과의원,1912372229
어린공주성형외과의원,1328185381
드림성모안과의원,13164576
바로그의원 강남,1542495109
한강수성형외과의원,1073974730
세곡달빛의원,38506309
아이디치과의원,12855771
자곡365의원,1156299723
이지동안의원 강남본점,1003602897
압구정에스앤비안과의원,1242278057
연세바다소아청소년과의원,1164826054
인스타성형외과의원,72653710
에픽성형외과의원,1070361211
유니메디성형외과의원,13590609
민의원,13295965
이유구강악안면외과치과의원,38654017
세가지소원의원 압구정 본점,325039377
앤드성형외과의원,1043227129
화이팅정형외과의원,1234427704
두드림성형외과의원,33480660
리피부과의원,408999248
갤러리아피부과의원 개포도곡점,1382059565
아미스킨의원 강남점,1434664537
케이플러스성형외과의원,36912372
양재본정형외과의원,1099884859
2D치과의원,711896532
연세거평의원,729226552
서울라라치과의원,1235932820
함희정성형외과의원,19523848
뷰티앤영 의원,1999043266
유스타일9의원,21667219
와이퀸산부인과의원,380222433
박종태유바외과의원,398411520
개포센트럴이비인후과의원,1297215289
창피부과의원,20668876
비에비스나무병원,12948818
아이준안과의원,1229281347
4월31일성형외과의원,12882736
에버피부과의원,11725531
타워비뇨기과의원 강남점,11550606
이유의원,1303487840
서울테헤란치과의원,1187327518
연세이비인후과의원,1071571356
스마일디치과교정과치과의원,11889874
조은내과의원,21224183
고우넷치과교정과치과의원,21560516
오체안피부과의원 강남점,1783461605
바른나무치과의원 압구정,13188699
브이맨비뇨기과의원 강남,19997971
도곡양재 차앤박피부과의원,36398775
하이안과의원,1598160859
강남연세이비인후과의원,1798906348
세상의반 여성의원,1580241604
서울에스유외과의원 강남,1007352767
우리들병원,11698277
압구정탑라인의원,36184669
365열린가정의학과의원,1805919452
JW정원성형외과의원,11530877
삼성울트라성장소아청소년과의원,1089253085
쁘띠파티의원,12400868
오가나셀 피부과의원 청담,38589771
강남더드림병원,1109481852
노상훈성형외과의원,92338935
뉴연세의원,944803324
메디컬보이스 이비인후과의원,1052500989
포레스트요양병원 강남,1539289090
김영찬내과의원,36604638
클렌시아내과의원,1881516888
47이끌의원,1841138989
연세더바로신경외과정형외과의원,1290271026
연세더맑은내과의원,1950707946
연세고른숨이비인후과의원,1443572341
씨디씨어린이치과의원,11589014
위버스성형외과의원,1232036527
강남탑한의원,1011689763
루비성형외과의원,20704942
대치연세안과의원,19514470
제이케이성형외과의원,11888996
바른눈서울안과의원,1802150048
이태규신경과의원,13137627
연세연여성외과의원,1594349720
서울연세21세기의원,1603576474
미소가인피부과의원 삼성점,1026300262
올소치과의원,36192235
삼성베스트내과의원,20780698
굿모나의원,1053064494
PR성형외과의원,1655749880
와우성형외과의원,36912407
강남에이스안과의원,1788851803
청담힐요양병원,1243552895
BLS의원 본점,12066466
치휴한방병원 강남,1815144183
코슬립수면의원,12073000
맑은숲이비인후과의원,1943358257
연세새봄의원,13540762
가암성형외과의원,19513661
강남성모정형외과의원,1158481714
튼튼병원 청담본원,31076695
그대안에산부인과의원 삼성,1627754282
서울삼성내과의원,1549419942
압구정톡스앤필의원,31950316
연세코앤이비인후과의원,11854522
오체안성형외과의원,1023196617
삼성서울병원 장례식장,21529958
예젤유의원,1841536892
리샘한의원 압구정점,36090555
서울귀감이비인후과의원,1793378080
개포민마취통증의학과의원,1744464097
서울N비뇨기과의원 강남,35927553
마이미의원,1223933487
차이성형외과의원,57808235
엔비유의원,33027878
리리유의원,1844989145
베스트오브미여성의원 난임클리닉,1068185993
수아로피부과의원,1701924589
하와유재활의학과의원,13323686
모아이의원,1341223956
예송이비인후과의원,11632941
선릉숲정신건강의학과의원,1045042986
강남삼성내과의원,1541892721
튠의원 압구정점,1882238480
디마레의원 강남,21647269
강남센트럴안과의원,1162617936
강남유레카치과의원,1636835879
양재성모안과의원,19521282
프리미어성형외과의원,1149470646
청담차오름의원,1344851288
압구정강남바른정형외과의원,37611405
미소드림치과의원,12056237
웰스피부과의원,12990378
강남박내과의원,1844813920
강남조은눈안과의원,12934919
제이드의원,1113313663
오케이의원,13290762
리스펙성형외과의원,1983527676
압구정서울정형외과의원,38217608
마크성형외과의원,1437283257
청담에끌라드의원,1865201682
보통의 의원,1589419969
삼성비앤에스의원,1318550899
신사엘성형외과의원,37853231
모델로피부과의원 청담점,11881977
플러스이비인후과의원,13040877
CDU청담유성형외과의원,12061830
서울준정형외과의원,1629788229
모모성형외과의원,1174878112
이정균내과의원,12874453
강남밝은미소안과의원,156938741
윈스턴의원,1932221193
케이성형외과의원,33213526
봄여름가을겨울피부과의원,13046088
드보라의원,36233738
메디컬오 한의원,1189488052
삼성드림소아청소년과의원,1998492429
나를위한산부인과의원,1456908054
청담메자닌의원,11783143
삼성미라클안과의원 강남,1886420228
리디아여성의원,1879836222
아이그램성형외과의원,1090369895
임지연의원,13565611
강남바른정형외과의원,37020952
강남서울밝은안과의원,19484549
날아라정형외과의원,35178837
빌리프성형외과의원,1386832685
숨수면의원 강남,11679438
설레임의원 강남,33418580
이원경내과의원,36477195
멘토의원,12971463
개포삼성정형외과의원,1799052573
세진피부과의원,13517575
수서바른정형외과의원,1468555013
루시드치과의원,1500105778
무이재 한방병원,1377760257
오메가성형외과의원,12840364
논현신사정형외과의원,1271811819
대치오라클피부과의원,13346724
로즈여성의원,13132284
지우개의원,1023912851
압구정민치과의원,35196363
닥터정리반의원,1074774797
참좋은이비인후과의원,19518340
청담서울이비인후과의원,12772532
라움성형외과의원,19382193
씨에스씨로렌의원,31357687
아이콘성형외과의원,12905328
세곡밝은안과의원,1148012356
청담아리움의원,1071566711
강남푸른안과의원,1603492714
강남세브란스병원 비자검진센터,649010008
자곡서울치과의원,94543121
베스트이화의원,21667121
더원서울안과의원,1181892144
연치과의원 압구정점,1847214891
클리니크후즈후의원,13313285
휴피부과의원,21560523
쿠키성형외과의원,32708984
청담안즈피부과의원,1708513330
압구정 리더스피부과의원,31482261
닥터이레이저피부과의원,1286143820
연세퍼스트구강내과치과의원,1760164630
청담헤라산부인과의원,1118686958
디에프정신건강의학과의원,1533102706
수이비인후과의원,1637253053
권오정리얼뷰티의원,13434826
샤인빔의원 강남,38507405
포에버의원 강남역점,1091583921
삼성굿본재활의학과의원,1297960369
2060오스킨성형외과의원,76982748
도곡타워정형외과의원,1733342972
프라이드성형외과의원,1100800628
청담병원,36860674
청담에이치내과의원,13337905
옐로우성형외과의원,1677321917
문동언마취통증의학과의원,34556639
365메트로의원,1701999248
수앤정소아청소년과의원,37609279
청담한세성모안과의원,1869684832
111의원,37332503
내소구강악안면외과치과의원,11638002
양재365한의원,1305145034
오브제성형외과의원,12069752
모제림성형외과의원,12026586
메디움강남요양병원,58890960
김인중성형외과의원,11830276
브릴린의원,1242338710
이영미유외과의원,13224163
현필목안과의원,37929506
강남365치과의원 수서점,35563240
유앤아이치과의원 압구정본점,36768942
테일러성형외과의원,1407699787
헤스티아여성의원 신사본점,1132296882
더라인성형외과의원,12014238
삼성서울유외과의원,1256897598
에이티에이치과의원,1447792399
타임리스피부과의원 도곡점,1312830558
서울스페셜수면의원,12887648
압구정연세산부인과의원,11623788
메드렉스병원,1235395535
연세인의원,13346860
대치성모여성의원,1918410128
하철원정형외과의원,1578108977
삼성드림내과의원,1832436188
영이비인후과의원,11850210
서울원피부과의원 도곡점,1605914834
히트성형외과의원,1178330488
서울페이스21치과병원,1267902958
아이니크성형외과의원,1237133496
디자이너성형외과의원,13196804
재돈성형외과의원,13151971
강남YK병원,1784088763
윙크성형외과의원,1272427170
예드림안과의원,36449014
청담튠의원,1870137337
한티연세이비인후과의원,31341104
청구경희한의원 역삼,1541562206
엘레브의원,1141647093
청담해리슨병원,1121947307
연세다엘마취통증의학과내과의원,1277186581
더난성형외과의원,443517279
예사랑피부과의원,11570941
성모베스트이비인후과의원,1066974010
킹콩치과의원,13484835
메이린청담의원,1307506758
바른길정형외과의원,1396102640
청아치과의원,11866146
드라마치과의원,11710968
세란안과의원,11524949
장현규내과의원,1008942015
소망이비인후과의원,19521076
리벤스이비인후과의원,21723431
광동병원,11492585
연세수이비인후과의원,19534157
케이플러스청담의원,38695407
지앤지병원,37332929
연세바로치과의원,1515935845
코샵성형외과의원,13178314
압구정현대이비인후과의원,1629462419
강남우태하피부과의원,10986284
더마스터의원,19589159
메이트성형외과의원,1216593628
베이의원,1803489486
아이리움안과의원,20264074
바르고튼튼한어린이치과의원,35235280
스탠탑비뇨의학과의원,1156657488
오리엔탈치과의원,37072279
연세개포재활의학과의원,1526701023
동안중심의원,33040007
강남베드로병원 본관,1473844370
청담코지의원,165175134
다시온의원,1051789707
삼성밝은안과의원,19517139
양재차앤박피부과의원,11697018
역삼생생본의원.한의원,1140350773
로담한의원 강남본점,11842843
더편한현내과의원,1627522735
강남12의원,37429676
이지스로앤산부인과의원 선릉역,37171278
유로성형외과의원,20091191
삼성정형외과의원,13050461
학동 본내과의원,1178672752
연세이미지라인의원,36395300
웃는내일치과교정과치과의원,11563197
압구정성모안과의원,11523133
에버성형외과의원,12073884
리뉴서울안과의원,1132330628
닥터쁘띠의원 강남,1464481963
네이처요양병원,1455384720
청담이엘피부과의원,1190210402
미의원,38273799
위드성형외과의원,37278724
닥터홍치과의원,20373384
연세키즈소아청소년과의원,186582640
우리들내과의원,12963460
모다올의원,1725698270
사암당한의원 강남센터,1844136614
아름다운나라피부과의원,36039839
제이비내과의원,1137833593
연세필정신건강의학과의원,11482771
에스티성형외과의원,33937519
뷰티바성형외과의원,1592658983
연세삼성정신건강의학과의원,1039688182
코코이비인후과의원,1190614685
청담글래시피부과의원,1447902181
양윤돌구강악안면외과치과의원,1886819881
유앤유성형외과의원,1740898512
레아트성형외과의원,670104146
반니성형외과의원,1934519680
청담리온정형외과의원,1978346728
두드림성형외과의원 모발이식클리닉,1258757178
밀라의원,1553201269
청담엔비의원,35592981
지디스내과의원,11527302
연세신앤송이비인후과의원,33980213
김용재이비인후과의원,11533355
그림성형외과의원,12061232
아이팅성형외과의원,1081744380
더이쁨풀의원,1735924114
김대중내과의원,1068266198
드림성형외과압구정점,13148668
닥터유내과의원,38320619
미모던피부과의원,1388288696
노인화산부인과의원,11736495
제이유피부과의원,1853213031
프레쉬이비인후과의원,1411739414
심포니성형외과의원,1097583998
키즈힐소아청소년과의원,85463743
예미원피부과의원,36690669
청담산부인과의원,35051112
유로진여성의원,37524679
로코코성형외과의원,19862180
예젤의원,1592770398
트리니티병원,37814644
엘르성형외과의원,12012604
아름다운목소리이비인후과의원,13370736
오늘안피부과의원,1835916310
강남초이스정형외과병원,36943040
김지연위쉬성형외과의원,11537368
무드온성형외과의원,1655592800
브랜뉴의원,13355651
압구정한의원,1104295475
김미진내과의원,992892584
카라성형외과의원,12008619
강남미즈힐산부인과의원,21012204
정준표내과의원,11670906
에이준재활의학과의원,1147190048
해율한의원 강남,37749299
서울수면의원,11685112
타토아의원 신사,19989942
삼성연세고운미소치과의원,13582820
신상성형외과의원,1378909604
스타트성형외과의원,1538549058
청담고운세상닥터지피부과의원,13096275
뉴욕연세치과의원,11697981
지힐링스퀘어의원,13435305
고만성소아과의원,19530469
남서울정형외과의원,19517066
똑똑플란트치과의원,1623960121
진담성형외과의원,1576035715
수피부과의원,20226873
삼성더건강내과의원,1885959956
한맘플러스재활의학과의원,11541145
청담베스트내과의원,36924168
포헤어의원 서울점,12981640
네임드성형외과의원,1178211949
청담공드림피부과의원,1495121021
더플러스성형외과의원,1722697026
원셀메디의원,1928495174
에스플란트치과병원,12829364
연세진성형외과,11529863
청담오케이성형외과의원,1620999141
트리니티여성의원,1714131744
벧엘피부과의원,13080378
플래닛성형외과의원,1886806612
연세오원석신경과의원,31514673
코원성형외과의원,32800185
김소형한의원,11524580
미소인치과의원,32259800
삼성유외과의원,1086566431
청아연한의원,12096375
서울위드치과의원,37426963
뷰앤플의원,1363142286
투비성형외과의원,1086798901
청담BLS의원,32294569
이경태정형외과의원,19878160
스토리피부과의원,1712262343
위즈치과의원,11537635
서울베스트의원,36935629
삼인당한의원,19518585
이사벨라여성의원,1609933066
순수피부과의원,13532785
연세여우치과의원 대치점,37459700
플러스후 강남의원,36276442
강남365가정의학과의원,1036597874
논현튠의원,38510193
위드 유원일성형외과의원,19517972
삼성화이트피부과의원,1885785241
선릉탑비뇨기과의원,19560668
제일성모안과의원,19520054
미니쉬치과병원,21369005
엘스타의원,690147521
시크릿성형외과의원,13564525
더비비성형외과의원,1534947568
요한한의원,19518232
코웰성형외과의원,11689342
나노의원,13411722
민이비인후과의원,1596684492
청담포레브의원,1128111897
아름다운사람성형외과의원,1498873765
서울나무치과의원,13558421
우아한여성의원,352296810
원데이치과의원 제3관,1884792282
바노바기 일레븐치과의원,20149805
앤플러스의원,13566385
서울리거피부과의원,37471459
셀린피부과의원,1048446056
강남타임의원,1202144731
제이제이성형외과,1095086029
에스원이비인후과의원,12842347
이승우의원,1114870055
양준상의원,1045768560
압구정아이비성형외과의원,13270167
삼대국민한의원,37186710
고르다치과의원 강남점,21560519
플렉스피부과의원,1098315700
강남연세인의원,57964226
서울생생정형외과의원 삼성본점,36699669
강남아이메디안과의원,12896572
진성형외과의원,19514483
청담에스민의원,1047428849
노블케어요양병원,1450521321
김동수내과의원,19517764
강남뷰티성형외과의원,366624687
유앤미의원 청담,12129300
올리브피부과의원,13554861
압구정함춘산부인과의원,33799107
이믿음치과의원,32258816
대치서울영재소아청소년과의원,11572592
청담서클의원,32473038
강남퍼스트재활의학과의원,1670626057
허준원엠디피부과의원,13165491
압구정 BLS의원,38510379
마음쉼정신건강의학과의원,1376461491
하늘체한의원 강남압구정본점,12047717
정파종외과의원,19517388
은하수성형외과의원,1654264406
라르떼의원 선릉점,13472961
그린몰의원,1383799847
하루에치과의원,1750323197
쥬벤스성형외과의원,1439259520
연세꿈꾸는치과의원 강남개포점,1664245790
뷰티라인성형외과의원,1073342424
일퍼센트성형외과의원,1388230406
BK성형외과의원,12176859
ST성모피부과의원,581649876
연세스타내과의원,33912612
더나은한의원,1650846696
압구정더모의원,1883428498
압구정페이스라인성형외과의원,11885897
유올림의원,1899384778
쥬얼리성형외과의원,13443226
강남오앤의원,37361917
클린타투의원,1798681750
청담봄온의원,1440176159
밝은눈강구봉안과의원,13514571
서울 항앤하지외과의원,1101943492
굿닥터이비인후과의원,34398935
김영기이비인후과의원,19517021
본앤미의원,1235405134
도곡 유스앤영의원,1266680227
삼성우리내과의원,11878239
블루비뇨기과의원 강남,11842608
서상우성형외과의원,1355308446
오늘성형외과의원,1287498848
미고성형외과의원,11533424
디데이치과의원,1053883368
비더뉴의원,13482292
서울아이안과의원,1301476078
광지의원,21286618
잇템성형외과의원,1071752698
수서나을산부인과의원,1160766736
다움성형외과의원,1561818332
예뻐진의원,36229672
예인피부과의원 선릉점,11874329
한가람신경외과의원,1912258530
권장덕K성형외과의원,1393410918
아크네마인드의원,1199829755
리더스내과가정의학과의원,1045049699
로즈산부인과의원,21560510
서울탑클래스정신건강의학과의원,1837311484
우아인성형외과의원,1235946407
아이리스성형외과의원,37911302
나세르의원,33461172
리팅성형외과의원 서울점,38673363
연세봄이비인후과의원,34974707
바이브성형외과의원,1854766091
테헤란체리산부인과의원,1689959609
트임성형외과의원,35629363
에이트성형외과의원,31986276
링크성형외과의원,1606187935
은승표코리아정형외과의원,19523328
한미성형외과의원,11537843
연세펠리체여성의원,13291762
아이러브강남의원,36854203
서울스타치과의원,33707387
서울브레인신경과의원,12799280
뷰성형외과의원,11709005
화접몽한의원 강남본점,19838331
아이엘의원,36883223
한티닥터스피부과의원,1714656341
새서울정형외과의원,36477007
하우연한의원,37929517
윌비성형외과의원,1277437056
베스트원의원,1282472621
박선혜산부인과의원,19530156
강남비앤비의원,37486058
원데이치과의원 제1관,1158304762
루이빈치과,11604702
양재오라클피부과의원,20514705
연세정&김내과의원,36643330
인의한의원,37236580
아이코닉의원,836265980
로렐의원,1752420383
더제이의원,1163378000
최재민소아청소년과,19518039
아이토마토한의원,33703733
바이오미의원,13090397
강남새로치과의원,1350995313
압구정밝은안과의원,1292746074
대치에스마취통증의학과의원,76282487
한희피부과의원,30805888
모우림의원,1859764370
김호중이비인후과의원,37882412
줌구강악안면외과치과의원,36084246
에스원성형외과의원,20986192
터한의원 강남점,1060553931
담소유병원,21897880
생각과마음의원,12818552
메종프리베의원,13332691
제이엠가정의학과의원 대치,1575051935
디바인성형외과의원,1872598263
밸런스랩성형외과의원,1094218524
닥터진의원,1319628162
모아만의원,32872809
러블리안성형외과의원,1448603654
이스트만치과의원,11558855
임플라인치과의원,35251503
압구정 오라클치과의원,31125080
지오성형외과의원,11737396
MH의원,20299828
아반트성형외과의원,1510402460
신소애여성의원,11868090
해아림한의원 강남,32582085
청담비아이의원,13040939
더치과의원,12071031
아이라인성형외과,11532903
연세라인업의원,12000595
삼성S유외과의원,1327158937
도곡경희한의원,1851927612
새시대한의원,11687886
머스트성형외과의원,1745274953
신석호정신과의원,19516781
마디로한의원 선릉,1036931386
주앤의원,21355101
뉴연세치과의원,13315110
바노바기성형외과의원,21033469
서울삼성안과의원,11524803
청담공의원,1220685651
예선정신건강의학과의원,1432062208
더새로이의원,1438622225
휘마의원,19515501
티오피성형외과의원,37357263
강남루덴플러스치과의원,11737262
CHA의과대학교 강남차병원 응급실,243080658
제이미성형외과의원,19827925
닥터비의원,13318477
구정치과의원,13205480
압구정오라클피부과의원,12941697
안성열성형외과피부과의원,11580498
하늘느낌피부과의원,12047271
엠여성의원,33331176
올로성형외과의원,1151326480
서울치과병원,12877523
연세우리소아청소년과의원,19524063
굿모닝소아청소년과의원,1940314163
제일정형외과병원 별관,1384000043
스템케이성형외과의원,36473647
강남연세소아과의원,19526977
아셈내과의원,36560800
디데이성형외과의원,1916840390
무지개의원,19527358
한빛가정의학과의원,19792705
스케치성형외과의원,1632496492
비타민의원,20099537
온리아이성형외과의원,1559401320
디에이의원 청담,1502689252
삐땅기의원,11546399
대치퍼스트정형외과의원,1464547152
디비성형외과의원,1891827594
삼성키즈소아청소년과의원,1139383568
이혜미산부인과의원,11533828
진심 정신건강의학과의원,37383313
강남e조은안과의원,11526487
모티브성형외과의원,21093652
연의원,1886470661
원스의원 압구정,1729139555
레이의원,35895975
강남구립행복요양병원,20790282
위드유의원,36477151
초이스피부과의원 신사,11527880
선릉쉼표정신건강의학과의원,1088577404
양재바른정형외과의원,1557354643
다소니의원,1616878689
송영욱내과의원,1058033549
서울알파정신건강의학과의원,1598062477
모바른한상보의원,1483518130
선능필내과의원,19521328
푸른나무치과의원,12057684
올리나의원,564518042
끌레어의원,37549350
서울손내과의원,37153288
삼성수비뇨의학과의원,1199214778
역삼이창훈이비인후과의원,30830634
강남숲정신건강의학과의원,1710637045
에이엠성형외과의원,1417820306
차소연의원,1209744784
변한의원,11688871
에스지정신건강의학과의원,1905523802
아이오유성형외과의원,13194018
루쎄여성의원,36912388
논현여성의원,13152293
강남나무병원,38324997
탑페이스성형외과의원,33283530
셀리앤의원,1278178530
양재유앤미의원,31608533
엠제이의원,1687218758
BR피부과의원,21705360
김성민이비인후과의원,12803018
스케줄의원,1791453827
이상피부과의원,1773991574
뽀드베베의원,863234027
미녀사랑산부인과의원,806946259
플러스성모안과의원,11733688
압구정연세안과의원,13343835
서울열린치과의원,1007161015
스위츠피부과의원,1566343474
리원피부과의원,632639207
더루루의원,1250999626
하나비의원,38473209
삼성마음숲정신건강의학과의원,1925405566
윤앤최이비인후과의원,34615595
압구정연한의원,19515659
세이프플란트치과의원,20373298
서진성형외과의원,1036415992
세곡이화산부인과의원,1155672024
리즈산부인과의원,37275147
썸의원,1001029081
리뉴얼의원,36184664
프리마성형외과의원,11531317
강남지인병원,1818726342
디케이의원,12753804
송안과의원,19530913
아비스가정의학과의원,19754103
더푸른이비인후과의원,11700068
아이엔성형외과의원,13342022
가암염원석성형외과의원,1433125490
아이유의원,13344099
서울매스티지치과의원,19478186
드림한마음재활의학과의원,33142062
유진성모안과,1835273025
연세윤치과의원,19515637
아이콘안과의원,1217565300
강남바른내과의원,1652536721
연세에스의원,1338155536
수서정형외과의원,1358628948
더삼점영피부과의원,13004419
생각과느낌의원,11782918
더제이엠의원,1026019443
아이들세상치과의원,11891642
첫눈애안과의원,1597154159
오에프피구강내과치과의원,1832959065
유레카피부과의원,20059232
에버스마일치과교정과치과의원,13164792
리연케이의원,32315460
소망치과의원,19524775
라리성형외과의원,13182122
에펠산부인과의원,1201611893
허브신경과의원,13221155
아름경희한의원,20144381
오인성형외과의원,13107247
아림치과병원,20614446
골든발란스여성의원,1434428634
안효승내과의원,1239731952
청연한의원,19518301
이에스청담 성형외과의원,1377121604
세림의원,19521524
디자인치과의원,13224429
아름다운치과의원,1345787902
휴먼성형외과의원,19927405
서울포레스트 정신건강의학과의원,1758149945
연세지아이내과의원,13175174
청담봄여성의원,1457163359
청담아이비성형외과의원,13543447
네오유여성비뇨기과의원,35338101
코코라인의원,20042960
모리의원,13563225
좋은아침외과의원,11530689
연세유라인치과의원 강남역점,1363068306
드림피부과의원,13105285
연세이롬이비인후과의원,1484123267
르로제의원,1737445905
강남세브란스병원 응급진료센터,327943882
라해의원,1496474900
세실내과의원,13013718
강남구보건소 분소,11640748
청담데이원의원,1310828763
나누리병원 강남 신관,1399488943
시네마의원,1732578272
명옥헌한의원,20585550
한빛의원,11602593
닥터홈즈의원,33839757
아름다운세상의원,1897642504
삼성밸런스의원,37357261
포샤르치과의원,11681074
크리스마스성형외과의원,37333358
르치과의원,1870826459
강남성모이비인후과의원,13086676
강남성모내과의원,1970025679
리디안의원,1531051371
가슴편한내과의원,21559902
꿈꾸는성형외과의원,1377394471
강남아름다운유외과의원,1669916386
티엘씨청담의원,1924289056
수서신광한의원,1021258641
팝성형외과의원,13545566
조은날의원,1295213116
온앤위드의원,1083164839
더스완성형외과의원,19520400
온에어성형외과의원,1921533231
서정민이비인후과의원,19519796
강남드림내과의원,1229417809
청담지온유의원,1724150052
CNP차앤박피부과의원 압구정점,11877510
대치더블유내과의원,19786950
훌륭성형외과의원,1044031506
서울통정형외과의원 개포점,1569746289
엔슬림의원,12418427
서울클리어치과교정과치과의원,1127834983
피그마리온의원,12837442
터한의원 대치점,1971170688
드림헤어라인의원,12772456
더행복한흉부외과의원,1357184388
문찬수내과의원,19521382
예진성형외과의원,31298575
두발로병원,1556271222
르디아망의원,1695106339
조앤박의원,19534064
세이지의원,33913550
갑산한의원,13018665
드림수면의원,37165688
SC301의원,36782214
서울토토치과의원,11608804
다름성형외과의원,1529908145
세현성형외과의원,37057009
일원사랑치과의원,55002409
온리유한의원,986295808
강남구보건소 세곡보건지소,1293074153
서울성모정신건강의학과의원,1911266063
연세코코이비인후과의원,37675644
라메스피부과의원,20150084
비아트의원,34464244
티에스성형외과의원,36905792
함박눈성형외과의원,1272692230
연세춘이비인후과의원,1611249354
연세모에버의원,1158352906
강남연세안과의원,1397792071
노바에스피부과의원,31051491
리더스피부과의원 청담,1958482550
디앤에이피부과의원,19743473
두번째봄산부인과의원,1713486042
새로운병원,1706022687
고유성형외과의원,1637055132
후한의원 강남점,12880741
라봄성형외과,35112317
미도치과의원,13539870
안티안의원,1792609857
바른길산부인과의원,1140202996
엠플러스의원,1783269435
필로스의원,13271233
강남편안한치과의원,1016812270
민트이비인후과의원,35507096
마이티성형외과의원,1722479841
레이디유로비뇨기과의원,11536043
윤앤최소아청소년과의원,35124641
강남연세정신건강의학과의원,1224349911
논현어제오늘와이앤티성형외과의원,36416850
아이웰성형외과,30987000
올리브성형외과의원,11538155
라클라쎄 의원,1503969813
연세강남비뇨기과의원,11724157
아이나래정신건강의학과의원,1206549334
향문외과의원,37829487
더정형외과의원 삼성점,1955561305
플랜미의원,34572955
황성주털털한피부과의원,11852790
닥터스피부과의원 신사 별관,1511579280
성모정신건강의학과의원,19517235
자연과한의원 강남점,1816857132
뉴케이의원,13149725
성심내과의원,19528723
임플란피아치과의원,1678669148
위드윈피부과의원,36952937
바로365한의원,1882132577
수서서울삼성치과의원,36663060
미라인피부과의원,19513548
연세키즈앤주니어치과의원,13271939
